{
  "title": "Nastavení cookies",
  "body": "K personalizaci obsahu a analýze přístupu používáme cookies. Můžete si vybrat, zda povolíte pouze cookies které jsou nezbytné pro fungování webu, nebo zda chcete také povolit analytické a marketingové cookies. Pro více informací navštivte naše --privacy-policy--.",
  "privacyPolicy": "zásady ochrany osobních údajů",
  "buttonAcceptAll": "Povolit všechny cookies",
  "buttonAcceptTechnical": "Povolit jen technicky nezbytné cookies"
}
