{
  "title": "Cookie-Einstellungen",
  "body": "Wir nutzen Cookies, um Inhalte zu personalisieren und die Zugriffe auf unsere Website zu analysieren. Sie können wählen, ob Sie nur für die Funktion der Website notwendige Cookies akzeptieren oder auch Tracking-Cookies zulassen möchten. Weitere Informationen finden Sie in unserer --privacy-policy--.",
  "privacyPolicy": "Datenschutzerklärung",
  "buttonAcceptAll": "Alle Cookies akzeptieren",
  "buttonAcceptTechnical": "Nur technisch notwendige Cookies akzeptieren"
}
