{
  "title": "Paramètres des cookies",
  "body": "Nous utilisons des cookies pour personnaliser le contenu et analyser le trafic sur notre site web. Vous pouvez choisir d'accepter uniquement les cookies qui sont nécessaires au fonctionnement du site web ou d'autoriser également les cookies de suivi. Pour plus d'informations, veuillez consulter notre --privacy-policy--.",
  "privacyPolicy": "politique de confidentialité",
  "buttonAcceptAll": "Accepter tous les cookies",
  "buttonAcceptTechnical": "N'acceptez que les cookies techniquement nécessaires"
}
