{
  "title": "Ρυθμίσεις cookie",
  "body": "Χρησιμοποιούμε cookies για την εξατομίκευση του περιεχομένου και την ανάλυση της επισκεψιμότητας στον ιστότοπό μας. Μπορείτε να επιλέξετε να αποδέχεστε μόνο τα cookies που είναι απαραίτητα για τη λειτουργία του ιστότοπου ή να επιτρέψετε επίσης τα cookies παρακολούθησης. Για περισσότερες πληροφορίες, ανατρέξτε στην --privacy-policy--.",
  "privacyPolicy": "πολιτική απορρήτου",
  "buttonAcceptAll": "Αποδοχή όλων των cookies",
  "buttonAcceptTechnical": "Αποδέχεστε μόνο τα τεχνικά απαραίτητα cookies"
}
