{
  "title": "Impostazioni dei cookie",
  "body": "Utilizziamo i cookie per personalizzare i contenuti e analizzare il traffico sul nostro sito web. È possibile scegliere di accettare solo i cookie necessari al funzionamento del sito web o di consentire anche i cookie di tracciamento. Ulteriori informazioni sono disponibili nella nostra --privacy-policy--.",
  "privacyPolicy": "Informativa sulla privacy",
  "buttonAcceptAll": "Accettare tutti i cookie",
  "buttonAcceptTechnical": "Accettare solo i cookie tecnicamente necessari"
}
