{
  "title": "Paramètres de cookies",
  "body": "Utilizam los cookies per personalizar lo contengut e analisar l'accès a nòstre site web. Podètz causir d'acceptar sonque les cookies que son necessaris al foncionament del site web o siá se volètz tanben autorizar los cookies de seguiment. Per mai d'informacions, consultatz nòstra --privacy-policy--.",
  "privacyPolicy": "politica de confidencialitat",
  "buttonAcceptAll": "Acceptar totes los cookies",
  "buttonAcceptTechnical": "Acceptar sonque los cookies tecnics necessaris"
}
