{
  "title": "Çerez Ayarları",
  "body": "Sitemizde içeriklerin kişiselleştirilmesi ve erişim analizleri için çerezleri kullanmaktayız. Sadece sitenin işleyişi için gerekli olan çerezlerin çalışmasını onaylayabilir veya kullanıcı davranışları için olan çerezleri kabul edebilirsiniz. Daha fazla bilgi için --privacy-policy-- metnini okuyabilirsiniz.",
  "privacyPolicy": "gizlilik sözleşmesi",
  "buttonAcceptAll": "Tüm çerezleri kabul et",
  "buttonAcceptTechnical": "Sadece zorunlu tekniksel çerezleri kabul et"
}
